"","metabolite","sourceId"
"1","_1_11_UNDECANEDICARBOXYLATE","HMDB02327"
"2","_1_2_PROPANEDIOL","HMDB01881"
"6","_1_3_7_TRIMETHYLURATE","HMDB02123"
"7","_1_HEXADECANOL","HMDB03424"
"10","_1_METHYLXANTHINE",NA
"11","_1_OCTADECANOL","HMDB30314"
"12","_1_OCTADECANOL","HMDB02350"
"13","_1_OLEOYLGLYCEROPHOSPHOCHOLIN","HMDB02815"
"14","_1_OLEOYLGLYCEROPHOSPHOETHANO",NA
"15","_1_PALMITOYLGLYCEROL","HMDB07853"
"16","_1_PALMITOYLGLYCEROL","HMDB31074"
"18","_1_PALMITOYLGLYCEROPHOSPHOCHO",NA
"19","_1_PALMITOYLGLYCEROPHOSPHOETH",NA
"20","_1_PALMITOYLPLASMENYLETHANOLA",NA
"21","_1_STEAROYLGLYCERO","HMDB11133"
"22","_1_STEAROYLGLYCEROPHOSPHOCHOL",NA
"23","_10_HEPTADECENOATE__17_1N7_",NA
"24","_10_HYDROXYDECANOIC_ACID",NA
"25","_12_METHYLTRIDECANOIC_ACID",NA
"26","_13_HOTE__6Z_9Z_11E_OR_9Z_11E",NA
"27","_13_METHYLMYRISTIC_ACID",NA
"28","_15_METHYLPALMITATE",NA
"29","_17_METHYLSTEARATE",NA
"30","_2__DEOXYGUANOSINE","HMDB00085"
"33","_2__DEOXYINOSINE","HMDB00071"
"35","_2__DEOXYINOSINE","HMDB06555"
"39","_2__DEOXYURIDINE","HMDB00012"
"42","_2_AMINOADIPATE","HMDB00510"
"47","_2_AMINOBUTYRATE","HMDB00650"
"49","_2_AMINOBUTYRATE","HMDB00452"
"50","_2_AMINOPENTANOATE",NA
"51","_2_ETHYLHEXANOATE","HMDB33341"
"52","_2_HYDROXYBUTYRATE__AHB_",NA
"53","_2_HYDROXYDECANOIC_ACID",NA
"54","_2_HYDROXYGLUTARATE","HMDB00606"
"57","_2_HYDROXYGLUTARATE","HMDB00694"
"59","_2_HYDROXYGLUTARATE","HMDB59655"
"60","_2_HYDROXYISOBUTYRATE","HMDB00729"
"61","_2_HYDROXYMYRISTATE","HMDB02261"
"62","_2_OXINDOLE_3_ACETATE",NA
"63","_2_PALMITOYLGLYCEROPHOSPHOETH",NA
"64","_3_4_DIHYDROXYBENZOATE","HMDB01856"
"66","_3_4_DIHYDROXYBENZOATE","HMDB41272"
"67","_3_7_DIMETHYLURATE",NA
"68","_3__3_HYDROXYPHENYL_PROPIONAT","HMDB00375"
"69","_3__4_HYDROXYPHENYL_PROPIONAT","HMDB02199"
"70","_3_DEHYDROCARNITINE",NA
"71","_3_HYDROXYBENZOATE","HMDB02466"
"74","_3_HYDROXYBUTYRATE__BHBA_",NA
"75","_3_HYDROXYDECANOATE","HMDB03938"
"80","_3_HYDROXYDECANOATE","HMDB02203"
"81","_3_HYDROXYISOBUTYRATE","HMDB62640"
"82","_3_HYDROXYISOBUTYRATE","HMDB00023"
"84","_3_HYDROXYOCTANOATE","HMDB01954"
"87","_3_HYDROXYPROPANOATE","HMDB62263"
"88","_3_HYDROXYPROPANOATE","HMDB00700"
"90","_3_HYDROXYPYRIDINE","HMDB13188"
"92","_3_HYDROXYPYRIDINE","HMDB00239"
"93","_3_METHYL_2_OXOVALERATE","HMDB00491"
"94","_3_PHENYLPROPIONATE","HMDB30060"
"95","_3_PHENYLPROPIONATE","HMDB40411"
"96","_3_PHENYLPROPIONATE","HMDB00764"
"97","_4_ACETAMIDOBUTANOATE","HMDB03681"
"98","_4_ACETAMIDOPHENOL","HMDB01859"
"99","_4_ACETAMIDOPHENOL","HMDB10316"
"100","_4_GUANIDINOBUTANOATE","HMDB03464"
"102","_4_HYDROXYBENZOATE","HMDB00500"
"104","_4_HYDROXYBENZOATE","HMDB32573"
"106","_4_HYDROXYBENZYL_ALCOHOL",NA
"107","_4_HYDROXYBUTYRATE__GHB_",NA
"108","_4_HYDROXYCINNAMATE","HMDB02035"
"113","_4_HYDROXYPHENYLACETATE","HMDB00020"
"115","_4_HYDROXYPHENYLACETATE","HMDB00118"
"117","_4_METHYL_2_OXOPENTANOATE","HMDB00695"
"121","_4_UREIDOBUTYRATE",NA
"122","_5_6_DIHYDROURACIL","HMDB00076"
"125","_5_AMINOVALERATE","HMDB06272"
"127","_5_AMINOVALERATE","HMDB03355"
"128","_5_DODECENOATE__12_1N7_",NA
"129","_5_HYDROXYHEXANOATE","HMDB00525"
"130","_5_HYDROXYHEXANOATE","HMDB00453"
"131","_5_HYDROXYHEXANOATE","HMDB00409"
"132","_5_OXOPROLINE","HMDB00267"
"135","_5ALPHA_PREGNAN_3BETA_20ADM1",NA
"136","_6_HYDROXYNICOTINATE","HMDB02658"
"138","_6_OXOPIPERIDINE_2_CARBOXYLIC",NA
"139","_7_BETA_HYDROXYCHOLESTEROL",NA
"140","_7_METHYLGUANINE","HMDB00897"
"142","_8_HYDROXYOCTANOATE",NA
"143","ACETOACETATE","HMDB00060"
"146","ADENINE","HMDB00034"
"149","ADENOSINE","HMDB00050"
"155","ADENOSINE","HMDB14340"
"156","ADIPATE","HMDB40270"
"167","ADIPATE","HMDB00225"
"176","ADIPATE","HMDB00448"
"178","ALANINE","HMDB62251"
"185","ALANINE","HMDB01310"
"197","ALANINE","HMDB00161"
"207","ALANYLALANINE","HMDB28988"
"208","ALANYLALANINE","HMDB28680"
"209","ALANYLGLUTAMATE","HMDB28994"
"210","ALANYLGLUTAMATE","HMDB28686"
"211","ALANYLISOLEUCINE","HMDB28998"
"212","ALANYLISOLEUCINE","HMDB28690"
"213","ALANYLLEUCINE","HMDB28691"
"214","ALANYLPHENYLALANINE","HMDB28694"
"215","ALANYLPROLINE","HMDB28695"
"216","ALANYLPROLINE","HMDB11177"
"217","ALANYLTRYPTOPHAN","HMDB13209"
"219","ALANYLTRYPTOPHAN","HMDB28698"
"220","ALANYLTYROSINE","HMDB28699"
"221","ALANYLTYROSINE","HMDB29007"
"222","ALANYLVALINE","HMDB28700"
"223","ALANYLVALINE","HMDB29008"
"224","ALLO_THREONINE","HMDB04041"
"226","ALPHA_AMYRIN","HMDB36660"
"227","ALPHA_AMYRIN","HMDB36658"
"228","ALPHA_GLUTAMYLGLUTAMATE",NA
"229","ALPHA_GLUTAMYLTRYPTOPHAN",NA
"230","ALPHA_GLUTAMYLTYROSINE",NA
"231","ALPHA_GLUTAMYLVALINE",NA
"232","ALPHA_HYDROXYISOCAPROATE","HMDB00665"
"234","ALPHA_HYDROXYISOCAPROATE","HMDB00746"
"236","ALPHA_TOCOPHEROL","HMDB01893"
"245","ANTHRANILATE","HMDB01123"
"248","ANTHRANILATE","HMDB32208"
"251","ARABONATE",NA
"252","ARACHIDATE__20_0_",NA
"253","ARACHIDONATE__20_4N6_",NA
"254","ARGININE","HMDB62762"
"267","ARGININE","HMDB00517"
"270","ARGINYLISOLEUCINE","HMDB28712"
"271","ARGINYLLEUCINE","HMDB28713"
"272","ARGINYLPHENYLALANINE","HMDB28716"
"273","ARGINYLVALINE","HMDB28722"
"274","ASPARAGINE","HMDB33780"
"275","ASPARAGINE","HMDB00168"
"283","ASPARAGYLISOLEUCINE",NA
"284","ASPARAGYLLEUCINE",NA
"285","ASPARAGYLVALINE",NA
"286","ASPARTATE","HMDB00191"
"295","ASPARTATE","HMDB06483"
"298","ASPARTYLLEUCINE","HMDB11166"
"299","ASPARTYLLEUCINE","HMDB28757"
"300","ASPARTYLPHENYLALANINE","HMDB28760"
"301","ASPARTYLPHENYLALANINE","HMDB00706"
"304","AZELATE__NONANEDIOATE_",NA
"305","BEHENATE__22_0_",NA
"306","BENZOATE","HMDB04461"
"307","BENZOATE","HMDB06115"
"308","BENZOATE","HMDB13677"
"310","BETA_ALANINE","HMDB00056"
"313","BETA_HYDROXYISOVALERATE","HMDB00754"
"314","BETA_SITOSTEROL","HMDB00852"
"317","BILIVERDIN","HMDB01008"
"324","CADAVERINE","HMDB02322"
"326","CADAVERINE","HMDB02284"
"328","CAFFEINE","HMDB36431"
"329","CAFFEINE","HMDB01847"
"333","CAMPESTEROL","HMDB02869"
"334","CAMPESTEROL","HMDB34224"
"335","CAPRATE__10_0_",NA
"336","CAPROATE__6_0_",NA
"337","CAPRYLATE__8_0_",NA
"338","CARNITINE","HMDB62496"
"345","CARNITINE","HMDB00062"
"356","CHOLESTEROL","HMDB00067"
"367","CHOLESTEROL","HMDB62453"
"378","CHOLINE","HMDB00097"
"384","CIS_UROCANATE",NA
"385","CIS_VACCENATE__18_1N7_",NA
"386","CITRATE","HMDB00193"
"391","CITRATE","HMDB00094"
"394","CITRULLINE","HMDB00904"
"400","CONJUGATED_LINOLEATE__18_2N7",NA
"401","CREATININE","HMDB00562"
"404","CYSTEINE","HMDB00574"
"415","CYSTEINE","HMDB62799"
"427","CYTIDINE","HMDB00089"
"430","CYTOSINE","HMDB00630"
"433","DAIDZEIN","HMDB33991"
"437","DAIDZEIN","HMDB29372"
"438","DAIDZEIN","HMDB33860"
"439","DHEA_S",NA
"440","DELTA_TOCOPHEROL","HMDB01893"
"441","DELTA_TOCOPHEROL","HMDB02902"
"443","DEOXYCARNITINE","HMDB01161"
"444","DEOXYCHOLATE","HMDB00626"
"447","DEOXYCHOLATE","HMDB00733"
"451","DIHOMO_LINOLEATE__20_2N6_",NA
"452","DIHYDROFERULIC_ACID",NA
"453","DIMETHYLARGININE__SDMA___ADMA",NA
"454","DOCOSADIENOATE__22_2N6_",NA
"455","DOCOSAHEXAENOATE","HMDB02183"
"459","DOCOSAPENTAENOATE","HMDB10375"
"465","DOCOSAPENTAENOATE","HMDB06528"
"467","DOCOSAPENTAENOATE","HMDB01976"
"468","DOCOSATRIENOATE","HMDB02823"
"470","DODECANEDIOATE","HMDB00933"
"471","DODECANEDIOATE","HMDB00623"
"474","EICOSAPENTAENOATE","HMDB05081"
"477","EICOSAPENTAENOATE","HMDB39530"
"478","EICOSAPENTAENOATE","HMDB01999"
"484","EICOSENOATE__20_1N9_OR_11_",NA
"485","ENTEROLACTONE",NA
"486","ERYTHRITOL","HMDB02994"
"490","ERYTHRONATE","HMDB00613"
"491","ERYTHRONATE","HMDB00498"
"493","ETHANOLAMINE","HMDB00149"
"500","ETHANOLAMINE","HMDB62693"
"501","FERULATE","HMDB00955"
"502","FERULATE","HMDB00954"
"505","FRUCTOSE","HMDB00660"
"514","FRUCTOSE","HMDB62538"
"517","FUCOSTEROL","HMDB30021"
"518","FUCOSTEROL","HMDB02374"
"522","FUMARATE","HMDB00134"
"525","GALACTOSE","HMDB00143"
"534","GALACTOSE","HMDB62170"
"535","GALACTURONATE","HMDB03363"
"543","GALACTURONATE","HMDB39721"
"545","GAMMA_AMINOBUTYRATE__GABA_",NA
"546","GAMMA_GLUTAMYLGLUTAMATE","HMDB29148"
"547","GAMMA_GLUTAMYLGLUTAMATE","HMDB11737"
"548","GAMMA_GLUTAMYLISOLEUCINE","HMDB11170"
"549","GAMMA_GLUTAMYLISOLEUCINE","HMDB29152"
"550","GAMMA_GLUTAMYLLEUCINE","HMDB29153"
"551","GAMMA_GLUTAMYLLEUCINE","HMDB11171"
"552","GAMMA_GLUTAMYLPHENYLALANINE","HMDB00594"
"553","GAMMA_GLUTAMYLPHENYLALANINE","HMDB29156"
"554","GAMMA_GLUTAMYLVALINE","HMDB11172"
"555","GAMMA_GLUTAMYLVALINE","HMDB29162"
"556","GAMMA_TOCOPHEROL","HMDB12868"
"557","GAMMA_TOCOPHEROL","HMDB01492"
"558","GLUCOSE","HMDB00516"
"562","GLUCOSE","HMDB60491"
"566","GLUCOSE","HMDB00122"
"571","GLUTAMATE","HMDB01919"
"573","GLUTAMATE","HMDB03339"
"578","GLUTAMINE","HMDB00641"
"584","GLUTAMINE","HMDB03423"
"585","GLUTAMINE_GLUTAMINE","HMDB28795"
"586","GLUTAMINE_ISOLEUCINE","HMDB28800"
"587","GLUTARATE__PENTANEDIOATE_",NA
"588","GLYCERATE","HMDB00139"
"594","GLYCEROL","HMDB00131"
"597","GLYCEROL_3_PHOSPHATE__G3P_",NA
"598","GLYCINE","HMDB29419"
"605","GLYCINE","HMDB11733"
"612","GLYCINE","HMDB00123"
"613","GLYCOCHOLATE","HMDB00631"
"614","GLYCOCHOLATE","HMDB00138"
"616","GLYCOLATE__HYDROXYACETATE_",NA
"617","GLYCYLGLYCINE","HMDB29419"
"618","GLYCYLGLYCINE","HMDB11733"
"621","GLYCYLISOLEUCINE","HMDB28844"
"622","GLYCYLLEUCINE","HMDB00759"
"623","GLYCYLPHENYLALANINE","HMDB28848"
"624","GLYCYLPROLINE","HMDB00721"
"626","GLYCYLTHREONINE","HMDB28851"
"627","GLYCYLTRYPTOPHAN","HMDB28852"
"628","GLYCYLTYROSINE","HMDB28853"
"629","GLYCYLVALINE","HMDB28854"
"630","GUANINE","HMDB00132"
"634","GUANOSINE","HMDB00133"
"637","HEPTAETHYLENE_GLYCOL",NA
"638","HEPTANOATE__7_0_",NA
"639","HEXADECANEDIOATE","HMDB00712"
"640","HEXADECANEDIOATE","HMDB00672"
"642","HEXAETHYLENE_GLYCOL",NA
"643","HISTAMINE","HMDB00870"
"648","HISTIDINE","HMDB00177"
"652","HISTIDYLISOLEUCINE",NA
"653","HISTIDYLLEUCINE",NA
"654","HISTIDYLPHENYLALANINE",NA
"655","HISTIDYLPROLINE",NA
"656","HISTIDYLVALINE",NA
"657","HOMOCITRULLINE","HMDB00679"
"659","HOMOCYSTEINE","HMDB00742"
"667","HOMOSERINE","HMDB00719"
"671","HOMOSTACHYDRINE","HMDB04827"
"672","HOMOSTACHYDRINE","HMDB33433"
"673","HYPOXANTHINE","HMDB00157"
"677","IMIDAZOLE_PROPIONATE",NA
"678","INDOLEACETATE","HMDB00197"
"683","INDOLEPROPIONATE","HMDB02302"
"686","INOSITOL_1_PHOSPHATE__I1P_",NA
"687","ISOBAR__DIHYDROCAFFEATE__3_4",NA
"688","ISOCAPROATE","HMDB00695"
"698","ISOCAPROATE","HMDB00689"
"699","ISOLEUCINE","HMDB00172"
"706","ISOLEUCINE","HMDB33923"
"708","ISOLEUCYLALANINE","HMDB28900"
"709","ISOLEUCYLASPARAGINE","HMDB28902"
"710","ISOLEUCYLASPARTATE","HMDB28903"
"711","ISOLEUCYLGLUTAMATE","HMDB28906"
"712","ISOLEUCYLGLYCINE","HMDB28907"
"713","ISOLEUCYLISOLEUCINE","HMDB28910"
"714","ISOLEUCYLLEUCINE","HMDB28911"
"715","ISOLEUCYLPHENYLALANINE","HMDB28914"
"716","ISOLEUCYLSERINE","HMDB28916"
"717","ISOLEUCYLTHREONINE","HMDB28917"
"718","ISOLEUCYLTRYPTOPHAN","HMDB28918"
"719","ISOLEUCYLVALINE","HMDB28920"
"720","ISOPALMITIC_ACID",NA
"721","ISOVALERATE","HMDB34140"
"722","ISOVALERATE","HMDB00718"
"723","ISOVALERATE","HMDB32045"
"727","ISOVALERYLGLYCINE","HMDB00678"
"728","KYNURENATE","HMDB00881"
"729","KYNURENATE","HMDB00715"
"731","LACTATE","HMDB01311"
"741","LACTATE","HMDB00190"
"747","LANOSTEROL","HMDB01251"
"750","LATHOSTEROL","HMDB01170"
"752","LATHOSTEROL","HMDB33214"
"753","LAURATE__12_0_",NA
"754","LEUCINE","HMDB00687"
"760","LEUCINE","HMDB01901"
"764","LEUCYLALANINE","HMDB28900"
"765","LEUCYLALANINE","HMDB28922"
"766","LEUCYLASPARAGINE","HMDB28902"
"767","LEUCYLASPARAGINE","HMDB28924"
"768","LEUCYLGLUTAMATE","HMDB28906"
"769","LEUCYLGLUTAMATE","HMDB28928"
"770","LEUCYLGLYCINE","HMDB28929"
"771","LEUCYLGLYCINE","HMDB28907"
"772","LEUCYLGLYCINE","HMDB05764"
"773","LEUCYLLEUCINE","HMDB28933"
"774","LEUCYLLEUCINE","HMDB28911"
"775","LEUCYLPHENYLALANINE","HMDB28914"
"776","LEUCYLSERINE","HMDB28938"
"777","LEUCYLSERINE","HMDB28916"
"778","LEUCYLTHREONINE","HMDB28939"
"779","LEUCYLTHREONINE","HMDB28917"
"780","LEUCYLTRYPTOPHAN","HMDB28940"
"781","LEUCYLTRYPTOPHAN","HMDB28918"
"782","LEUCYLTYROSINE","HMDB28919"
"783","LEUCYLTYROSINE","HMDB28941"
"784","LEUCYLVALINE","HMDB28920"
"785","LEUCYLVALINE","HMDB28942"
"786","LEVULINATE__4_OXOVALERATE_",NA
"787","LIDOCAINE","HMDB14426"
"788","LIDOCAINE","HMDB60655"
"789","LIGNOCERATE__24_0_",NA
"790","LINOLEAMIDE__18_2N6_",NA
"791","LINOLEATE__18_2N6_",NA
"792","LINOLENATE_ALPHA_OR_GAMMA",NA
"793","LITHOCHOLATE","HMDB00761"
"794","LITHOCHOLATE","HMDB00717"
"799","LYSINE","HMDB62809"
"805","LYSINE","HMDB00182"
"814","LYSYLISOLEUCINE","HMDB28954"
"815","LYSYLLEUCINE","HMDB28955"
"816","LYSYLPHENYLALANINE","HMDB28958"
"817","LYSYLPROLINE","HMDB28959"
"818","LYSYLTYROSINE","HMDB28963"
"819","LYSYLVALINE","HMDB28964"
"820","MALATE","HMDB31518"
"824","MALATE","HMDB00156"
"829","MALONATE__PROPANEDIOATE_",NA
"830","MANDELATE","HMDB62635"
"835","MANDELATE","HMDB00703"
"839","MANNOSE","HMDB00169"
"847","MARGARATE__17_0_",NA
"848","METHIONINE","HMDB00696"
"859","METHIONINE_SULFOXIDE",NA
"860","METHYL_4_HYDROXYBENZOATE","HMDB02085"
"861","METHYL_4_HYDROXYBENZOATE","HMDB04815"
"862","METHYLPHOSPHATE","HMDB33956"
"871","METHYLSUCCINATE","HMDB01844"
"875","METHYLSUCCINATE","HMDB33837"
"878","MYO_INOSITOL","HMDB00211"
"885","MYRISTATE__14_0_",NA
"886","MYRISTOLEATE__14_1N5_",NA
"887","N__2_FUROYL_GLYCINE","HMDB00439"
"888","N_6_TRIMETHYLLYSINE",NA
"889","N_ACETYLALANINE","HMDB00766"
"893","N_ACETYLARGININE",NA
"894","N_ACETYLASPARTATE__NAA_",NA
"895","N_ACETYLGLUCOSAMINE","HMDB00290"
"903","N_ACETYLGLUCOSAMINE","HMDB00803"
"905","N_ACETYLGLUCOSAMINE","HMDB00215"
"906","N_ACETYLGLUTAMATE","HMDB01138"
"907","N_ACETYLGLUTAMATE","HMDBP00515"
"908","N_ACETYLGLUTAMINE",NA
"909","N_ACETYLGLYCINE","HMDB00532"
"912","N_ACETYLHISTIDINE","HMDB32055"
"913","N_ACETYLLEUCINE","HMDB11756"
"914","N_ACETYLMETHIONINE","HMDB11745"
"916","N_ACETYLMURAMATE","HMDB11720"
"918","N_ACETYLMURAMATE","HMDB60493"
"919","N_ACETYLNEURAMINATE","HMDB00230"
"921","N_ACETYLPHENYLALANINE","HMDB00512"
"923","N_ACETYLPROLINE",NA
"924","N_ACETYLPUTRESCINE","HMDB02064"
"926","N_ACETYLTRYPTOPHAN","HMDB13713"
"928","N_ACETYLTYROSINE","HMDB00866"
"930","N_ACETYLVALINE",NA
"931","N_FORMYLMETHIONINE","HMDB01015"
"932","N_METHYL_PROLINE",NA
"933","N_METHYLPHENYLALANINE",NA
"934","N1_METHYLADENOSINE","HMDB03331"
"935","N2_ACETYLLYSINE","HMDB00446"
"936","N6_ACETYLLYSINE","HMDB00206"
"937","NERVONATE__24_1N9_",NA
"938","NICOTINAMIDE","HMDB01406"
"941","NICOTINATE","HMDB01488"
"943","NICOTINATE_RIBONUCLEOSIDE",NA
"944","NONADECANOATE__19_0_",NA
"945","OCTAETHYLENE_GLYCOL",NA
"946","OLEATE__18_1N9_",NA
"947","OLEIC_ETHANOLAMIDE",NA
"948","ORNITHINE","HMDB62654"
"950","ORNITHINE","HMDB03374"
"953","ORNITHINE","HMDB32455"
"973","OROTATE","HMDB33549"
"975","OROTATE","HMDB00226"
"977","P_AMINOBENZOATE__PABA_",NA
"978","P_CRESOL_SULFATE",NA
"979","P_HYDROXYBENZALDEHYDE","HMDB11718"
"980","P_HYDROXYBENZALDEHYDE","HMDB12308"
"981","PALMITATE__16_0_",NA
"982","PALMITIC_AMIDE",NA
"983","PALMITOLEATE__16_1N7_",NA
"984","PALMITOYL_ETHANOLAMIDE",NA
"985","PALMITOYL_SPHINGOMYELIN",NA
"986","PANTOTHENATE","HMDB00210"
"997","PANTOTHENATE","HMDB62717"
"1008","PELARGONATE__9_0_",NA
"1009","PENTADECANOATE__15_0_",NA
"1010","PHENETHYLAMINE__ISOBAR__1_PHE",NA
"1011","PHENYLACETATE","HMDB34301"
"1012","PHENYLACETATE","HMDB40733"
"1013","PHENYLACETATE","HMDB00209"
"1018","PHENYLALANINE","HMDB00159"
"1025","PHENYLALANYLALANINE","HMDB28988"
"1026","PHENYLALANYLASPARTATE","HMDB28991"
"1027","PHENYLALANYLGLYCINE","HMDB28995"
"1028","PHENYLALANYLISOLEUCINE","HMDB28998"
"1029","PHENYLALANYLLEUCINE",NA
"1030","PHENYLALANYLPHENYLALANINE",NA
"1031","PHENYLALANYLSERINE","HMDB29004"
"1032","PHENYLALANYLTYROSINE","HMDB29007"
"1033","PHENYLALANYLVALINE","HMDB29008"
"1034","PHENYLLACTATE__PLA_",NA
"1035","PHOSPHATE","HMDB02142"
"1045","PHOSPHATE","HMDB01429"
"1056","PHOSPHATE","HMDB00973"
"1066","PHYTOL","HMDB29408"
"1067","PHYTOL","HMDB02019"
"1069","PIPECOLATE","HMDB00070"
"1075","PIPECOLATE","HMDB00716"
"1081","PIPERINE","HMDB29377"
"1082","PIPERINE","HMDB33874"
"1083","PROLINE","HMDB00162"
"1089","PROLINE","HMDB03411"
"1092","PROLYLALANINE","HMDB28856"
"1093","PROLYLALANINE","HMDB29010"
"1094","PROLYLPHENYLALANINE",NA
"1095","PSEUDOURIDINE","HMDB00767"
"1103","PTERIN","HMDB00468"
"1110","PTERIN","HMDB00802"
"1113","PTERIN","HMDB34231"
"1114","PUTRESCINE","HMDB02064"
"1117","PUTRESCINE","HMDB01414"
"1119","PYRIDOXAL","HMDB01545"
"1123","PYRIDOXATE","HMDB00017"
"1125","PYROGLUTAMYLVALINE",NA
"1126","PYRUVATE","HMDB00243"
"1129","QUINATE","HMDB03072"
"1131","RHAMNOSE","HMDB00849"
"1145","RHAMNOSE","HMDB05045"
"1146","RHAMNOSE","HMDB10207"
"1147","RIBOFLAVIN__VITAMIN_B2_",NA
"1148","RIBOSE","HMDB00283"
"1158","RIBULOSE","HMDB01644"
"1159","RIBULOSE","HMDB03371"
"1160","RIBULOSE","HMDB00621"
"1163","SACCHAROPINE","HMDB62698"
"1164","SACCHAROPINE","HMDB00279"
"1168","SALICYLATE","HMDB01895"
"1171","SEBACATE__DECANEDIOATE_",NA
"1172","SERINE","HMDB15116"
"1175","SERINE","HMDB00187"
"1181","SERYLISOLEUCINE",NA
"1182","SERYLLEUCINE",NA
"1183","SERYLPHENYALANINE",NA
"1184","SERYLPROLINE",NA
"1185","SERYLVALINE",NA
"1186","SITOSTANOL","HMDB00494"
"1189","SPHINGANINE","HMDB00269"
"1195","SPHINGOSINE","HMDB00252"
"1199","SPHINGOSINE","HMDB04610"
"1203","SQUALENE","HMDB00256"
"1209","STACHYDRINE","HMDB04827"
"1211","STACHYDRINE","HMDB33433"
"1212","STEARAMIDE","HMDB13034"
"1213","STEARAMIDE","HMDB34146"
"1214","STEARATE__18_0_",NA
"1215","STEARIDONATE__18_4N3_",NA
"1216","STEAROYL_ETHANOLAMIDE",NA
"1217","SUBERATE__OCTANEDIOATE_",NA
"1218","SUCCINATE","HMDB00254"
"1220","SUCCINATE","HMDB00223"
"1226","TAURINE","HMDB00251"
"1229","TETRADECANEDIOATE","HMDB00872"
"1231","TETRADECANEDIOATE","HMDB00394"
"1232","THIAMIN__VITAMIN_B1_",NA
"1233","THREONATE","HMDB00943"
"1236","THREONATE","HMDB62620"
"1239","THREONINE","HMDB00167"
"1244","THREONYLALANINE",NA
"1245","THREONYLGLUTAMATE",NA
"1246","THREONYLISOLEUCINE",NA
"1247","THREONYLLEUCINE",NA
"1248","THREONYLPHENYLALANINE",NA
"1249","THREONYLSERINE",NA
"1250","THREONYLVALINE",NA
"1251","THYMIDINE","HMDB00273"
"1258","THYMINE","HMDB00262"
"1261","TRANS_UROCANATE",NA
"1262","TRICARBALLYLATE","HMDB31193"
"1263","TRICARBALLYLATE","HMDB00193"
"1264","TRICARBALLYLATE","HMDB00094"
"1265","TRYPTOPHAN","HMDB00929"
"1276","TRYPTOPHAN","HMDB13609"
"1285","TRYPTOPHYLALANINE","HMDB29076"
"1286","TRYPTOPHYLGLUTAMATE","HMDB29082"
"1287","TRYPTOPHYLGLYCINE","HMDB29083"
"1288","TRYPTOPHYLISOLEUCINE","HMDB29086"
"1289","TRYPTOPHYLPROLINE","HMDB29091"
"1290","TRYPTOPHYLVALINE","HMDB29096"
"1291","TYRAMINE","HMDB62629"
"1292","TYRAMINE","HMDB00306"
"1296","TYROSINE","HMDB00158"
"1304","TYROSOL","HMDB04284"
"1307","TYROSYLALANINE","HMDB29098"
"1308","TYROSYLGLUTAMATE","HMDB29104"
"1309","TYROSYLGLUTAMINE","HMDB29103"
"1310","TYROSYLISOLEUCINE","HMDB29108"
"1311","TYROSYLLEUCINE","HMDB29109"
"1312","TYROSYLPHENYLALANINE","HMDB29112"
"1313","TYROSYLTYROSINE","HMDB29117"
"1314","TYROSYLVALINE","HMDB29118"
"1315","UNDECANEDIOATE","HMDB00888"
"1317","UNDECANOATE__11_0_",NA
"1318","URACIL","HMDB00300"
"1321","URATE","HMDB00289"
"1323","URATE","HMDB00638"
"1324","UREA","HMDB00294"
"1329","URIDINE","HMDB01256"
"1330","URIDINE","HMDB00296"
"1334","VAL_VAL_VAL",NA
"1335","VALERATE","HMDB00892"
"1337","VALINE","HMDB00883"
"1341","VALYLALANINE","HMDB29120"
"1342","VALYLASPARTATE","HMDB29123"
"1343","VALYLGLUTAMATE","HMDB29126"
"1344","VALYLGLUTAMINE","HMDB29125"
"1345","VALYLGLYCINE","HMDB29127"
"1346","VALYLISOLEUCINE","HMDB29130"
"1347","VALYLLEUCINE","HMDB29131"
"1348","VALYLLYSINE","HMDB29132"
"1349","VALYLMETHIONINE","HMDB29133"
"1350","VALYLPHENYLALANINE","HMDB29134"
"1351","VALYLSERINE","HMDB29136"
"1352","VALYLTRYPTOPHAN","HMDB29138"
"1353","VALYLTYROSINE","HMDB29139"
"1354","VALYLVALINE","HMDB29140"
"1355","XANTHINE","HMDB00292"
"1360","XYLOSE",NA
"1361","X_02249",NA
"1362","X_09789",NA
"1363","X_11204",NA
"1364","X_11317",NA
"1365","X_11327",NA
"1366","X_11332",NA
"1367","X_11407",NA
"1368","X_11509",NA
"1369","X_11533",NA
"1370","X_11575",NA
"1371","X_11585",NA
"1372","X_11672",NA
"1373","X_11787",NA
"1374","X_11861",NA
"1375","X_11989",NA
"1376","X_12093",NA
"1377","X_12450",NA
"1378","X_12680",NA
"1379","X_13285",NA
"1380","X_13507",NA
"1381","X_13512",NA
"1382","X_13557",NA
"1383","X_13708",NA
"1384","X_13737",NA
"1385","X_13772",NA
"1386","X_13798",NA
"1387","X_13819",NA
"1388","X_13874",NA
"1389","X_13879",NA
"1390","X_14108",NA
"1391","X_14193",NA
"1392","X_14195",NA
"1393","X_14198",NA
"1394","X_14269",NA
"1395","X_14272",NA
"1396","X_14302",NA
"1397","X_14333",NA
"1398","X_14384",NA
"1399","X_14445",NA
"1400","X_14458",NA
"1401","X_14473",NA
"1402","X_14497",NA
"1403","X_14556",NA
"1404","X_14697",NA
"1405","X_14839",NA
"1406","X_14883",NA
"1407","X_14904",NA
"1408","X_15160",NA
"1409","X_15192",NA
"1410","X_15312",NA
"1411","X_15454",NA
"1412","X_15461",NA
"1413","X_15523",NA
"1414","X_15526",NA
"1415","X_15528",NA
"1416","X_15675",NA
"1417","X_15680",NA
"1418","X_15773",NA
"1419","X_15780",NA
"1420","X_15808",NA
"1421","X_15843",NA
"1422","X_15852",NA
"1423","X_15853",NA
"1424","X_15856",NA
"1425","X_15904",NA
"1426","X_15907",NA
"1427","X_15914",NA
"1428","X_16071",NA
"1429","X_16103",NA
"1430","X_16283",NA
"1431","X_16296",NA
"1432","X_16304",NA
"1433","X_16343",NA
"1434","X_16394",NA
"1435","X_16595",NA
"1436","X_16674",NA
"1437","X_17010",NA
"1438","X_17145",NA
"1439","X_17299",NA
"1440","X_17438",NA
"1441","X_17453",NA
"1442","X_17501",NA
"1443","X_17626",NA
"1444","X_17749",NA
"1445","X_17758",NA
"1446","X_17775",NA
"1447","X_17807",NA
"1448","X_17852",NA
"1449","X_17877",NA
"1450","X_17969",NA
"1451","X_18029",NA
"1452","X_18059",NA
"1453","X_18165",NA
"1454","X_18167",NA
"1455","X_18599",NA
"1456","X_18774",NA
"1457","X_19126",NA
"1458","X_19133",NA
"1459","X_19140",NA
"1460","X_19232",NA
"1461","X_19496",NA
"1462","X_19572",NA
