metabolite,hmdb,chebi
_1_11_UNDECANEDICARBOXYLATE,HMDB02327,
_1_2_PROPANEDIOL,HMDB01881,
_1_3_7_TRIMETHYLURATE,HMDB02123,
_1_HEXADECANOL,HMDB03424,
_1_METHYLXANTHINE,,68444
_1_OCTADECANOL,HMDB02350,
_1_OLEOYLGLYCEROPHOSPHOCHOLIN,HMDB02815,
_1_OLEOYLGLYCEROPHOSPHOETHANO,NA,
_1_PALMITOYLGLYCEROL,HMDB31074,
_1_PALMITOYLGLYCEROPHOSPHOCHO,NA,
_1_PALMITOYLGLYCEROPHOSPHOETH,NA,
_1_PALMITOYLPLASMENYLETHANOLA,NA,
_1_STEAROYLGLYCERO,NA,
_1_STEAROYLGLYCEROPHOSPHOCHOL,NA,
_10_HEPTADECENOATE__17_1N7_,NA,
_10_HYDROXYDECANOIC_ACID,NA,133736
_12_METHYLTRIDECANOIC_ACID,HMDB02396,
_13_HOTE__6Z_9Z_11E_OR_9Z_11E,NA,
_13_METHYLMYRISTIC_ACID,NA,
_15_METHYLPALMITATE,NA,69187
_17_METHYLSTEARATE,NA,69188
_2__DEOXYGUANOSINE,HMDB00085,
_2__DEOXYINOSINE,HMDB00071,
_2__DEOXYURIDINE,HMDB00012,
_2_AMINOADIPATE,HMDB00510,
_2_AMINOBUTYRATE,HMDB00452,
_2_AMINOPENTANOATE,NA,
_2_ETHYLHEXANOATE,NA,
_2_HYDROXYBUTYRATE__AHB_,NA,
_2_HYDROXYDECANOIC_ACID,NA,133172
_2_HYDROXYGLUTARATE,HMDB59655,
_2_HYDROXYISOBUTYRATE,HMDB00729,
_2_HYDROXYMYRISTATE,HMDB02261,
_2_OXINDOLE_3_ACETATE,NA,
_2_PALMITOYLGLYCEROPHOSPHOETH,NA,
_3_4_DIHYDROXYBENZOATE,HMDB01856,
_3_7_DIMETHYLURATE,NA,133728
_3__3_HYDROXYPHENYL_PROPIONAT,HMDB00375,
_3__4_HYDROXYPHENYL_PROPIONAT,HMDB02199,
_3_DEHYDROCARNITINE,NA,57885
_3_HYDROXYBENZOATE,HMDB02466,
_3_HYDROXYBUTYRATE__BHBA_,NA,37054
_3_HYDROXYDECANOATE,HMDB02203,
_3_HYDROXYISOBUTYRATE,HMDB00023,
_3_HYDROXYOCTANOATE,HMDB01954,
_3_HYDROXYPROPANOATE,HMDB00700,
_3_HYDROXYPYRIDINE,NA,
_3_METHYL_2_OXOVALERATE,HMDB00491,
_3_PHENYLPROPIONATE,HMDB00764,
_4_ACETAMIDOBUTANOATE,HMDB03681,
_4_ACETAMIDOPHENOL,HMDB01859,
_4_GUANIDINOBUTANOATE,HMDB03464,
_4_HYDROXYBENZOATE,HMDB00500,
_4_HYDROXYBENZYL_ALCOHOL,NA,24679
_4_HYDROXYBUTYRATE__GHB_,NA,16724
_4_HYDROXYCINNAMATE,HMDB02035,
_4_HYDROXYPHENYLACETATE,HMDB00020,
_4_METHYL_2_OXOPENTANOATE,HMDB00695,
_4_UREIDOBUTYRATE,NA,
_5_6_DIHYDROURACIL,HMDB00076,
_5_AMINOVALERATE,HMDB03355,
_5_DODECENOATE__12_1N7_,NA,83046
_5_HYDROXYHEXANOATE,HMDB00525,
_5_OXOPROLINE,HMDB00267,
_5ALPHA_PREGNAN_3BETA_20ADM1,NA,
_6_HYDROXYNICOTINATE,HMDB02658,
_6_OXOPIPERIDINE_2_CARBOXYLIC,NA,
_7_BETA_HYDROXYCHOLESTEROL,HMDB06119,
_7_METHYLGUANINE,HMDB00897,
_8_HYDROXYOCTANOATE,NA,133719
ACETOACETATE,HMDB00060,
ADENINE,HMDB00034,
ADENOSINE,HMDB00050,
ADIPATE,HMDB00448,
ALANINE,HMDB62251,
ALANYLALANINE,HMDB28680,
ALANYLGLUTAMATE,HMDB28686,
ALANYLISOLEUCINE,HMDB28690,
ALANYLLEUCINE,HMDB28691,
ALANYLPHENYLALANINE,HMDB28694,
ALANYLPROLINE,HMDB28695,
ALANYLTRYPTOPHAN,HMDB13209,
ALANYLTYROSINE,HMDB28699,
ALANYLVALINE,HMDB28700,
ALLO_THREONINE,HMDB04041,
ALPHA_AMYRIN,HMDB36658,
ALPHA_GLUTAMYLGLUTAMATE,NA,
ALPHA_GLUTAMYLTRYPTOPHAN,NA,
ALPHA_GLUTAMYLTYROSINE,NA,
ALPHA_GLUTAMYLVALINE,NA,
ALPHA_HYDROXYISOCAPROATE,HMDB00665,
ALPHA_TOCOPHEROL,HMDB01893,
ANTHRANILATE,HMDB01123,
ANTHRANILATE,HMDB32208,
ARABONATE,HMDB00539,
ARACHIDATE__20_0_,NA,32360
ARACHIDONATE__20_4N6_,NA,
ARGININE,HMDB00517,
ARGINYLISOLEUCINE,HMDB28712,
ARGINYLLEUCINE,HMDB28713,
ARGINYLPHENYLALANINE,HMDB28716,
ARGINYLVALINE,HMDB28722,
ASPARAGINE,HMDB00168,
ASPARAGYLISOLEUCINE,NA,
ASPARAGYLLEUCINE,NA,
ASPARAGYLVALINE,NA,
ASPARTATE,HMDB00191,
ASPARTYLLEUCINE,HMDB28757,
ASPARTYLPHENYLALANINE,HMDB28760,
AZELATE__NONANEDIOATE_,NA,
BEHENATE__22_0_,NA,23858
BENZOATE,HMDB04461,
BETA_ALANINE,HMDB00056,
BETA_HYDROXYISOVALERATE,HMDB00754,
BETA_SITOSTEROL,HMDB00852,
BILIVERDIN,HMDB01008,
CADAVERINE,HMDB02322,
CAFFEINE,HMDB01847,
CAMPESTEROL,HMDB02869,
CAPRATE__10_0_,NA,
CAPROATE__6_0_,NA,
CAPRYLATE__8_0_,NA,
CARNITINE,HMDB62496,
CHOLESTEROL,HMDB00067,
CHOLESTEROL,HMDB62453,
CHOLINE,HMDB00097,
CIS_UROCANATE,NA,30819
CIS_VACCENATE__18_1N7_,NA,30827
CITRATE,HMDB00094,
CITRULLINE,HMDB00904,
CONJUGATED_LINOLEATE__18_2N7,NA,
CREATININE,HMDB00562,
CYSTEINE,HMDB00574,
CYTIDINE,HMDB00089,
CYTOSINE,HMDB00630,
DAIDZEIN,NA,
DHEA_S,NA,
DELTA_TOCOPHEROL,HMDB02902,
DEOXYCARNITINE,HMDB01161,
DEOXYCHOLATE,HMDB00626,
DIHOMO_LINOLEATE__20_2N6_,NA,88670
DIHYDROFERULIC_ACID,NA,86612
DIMETHYLARGININE__SDMA___ADMA,NA,86468
DOCOSADIENOATE__22_2N6_,NA,78894
DOCOSAHEXAENOATE,HMDB02183,
DOCOSAPENTAENOATE,HMDB06528,
DOCOSATRIENOATE,HMDB02823,
DODECANEDIOATE,HMDB00933,
EICOSAPENTAENOATE,HMDB01999,
EICOSENOATE__20_1N9_OR_11_,NA,81555
ENTEROLACTONE,NA,
ERYTHRITOL,HMDB02994,
ERYTHRONATE,HMDB00613,
ETHANOLAMINE,HMDB00149,
FERULATE,HMDB00954,
FRUCTOSE,HMDB00660,
FUCOSTEROL,HMDB30021,
FUMARATE,HMDB00134,
GALACTOSE,HMDB00143,
GALACTURONATE,HMDB03363,
GAMMA_AMINOBUTYRATE__GABA_,NA,30566
GAMMA_GLUTAMYLGLUTAMATE,HMDB29148,
GAMMA_GLUTAMYLISOLEUCINE,HMDB11170,
GAMMA_GLUTAMYLLEUCINE,HMDB29153,
GAMMA_GLUTAMYLPHENYLALANINE,HMDB00594,
GAMMA_GLUTAMYLVALINE,HMDB11172,
GAMMA_TOCOPHEROL,HMDB01492,
GLUCOSE,HMDB00122,
GLUTAMATE,HMDB03339,
GLUTAMINE,HMDB00641,
GLUTAMINE_GLUTAMINE,HMDB28795,
GLUTAMINE_ISOLEUCINE,HMDB28800,
GLUTARATE__PENTANEDIOATE_,NA,
GLYCERATE,HMDB00139,
GLYCEROL,HMDB00131,
GLYCEROL_3_PHOSPHATE__G3P_,NA,14336
GLYCINE,HMDB00123,
GLYCOCHOLATE,HMDB00138,
GLYCOLATE__HYDROXYACETATE_,NA,
GLYCYLGLYCINE,HMDB11733,
GLYCYLISOLEUCINE,HMDB28844,
GLYCYLLEUCINE,HMDB00759,
GLYCYLPHENYLALANINE,HMDB28848,
GLYCYLPROLINE,HMDB00721,
GLYCYLTHREONINE,HMDB28851,
GLYCYLTRYPTOPHAN,HMDB28852,
GLYCYLTYROSINE,HMDB28853,
GLYCYLVALINE,HMDB28854,
GUANINE,HMDB00132,
GUANOSINE,HMDB00133,
HEPTAETHYLENE_GLYCOL,HMDB61835,
HEPTANOATE__7_0_,NA,32362
HEXADECANEDIOATE,HMDB00712,
HEXAETHYLENE_GLYCOL,HMDB61822,
HISTAMINE,HMDB00870,
HISTIDINE,HMDB00177,
HISTIDYLISOLEUCINE,NA,
HISTIDYLLEUCINE,NA,5729
HISTIDYLPHENYLALANINE,NA,73634
HISTIDYLPROLINE,NA,74055
HISTIDYLVALINE,NA,74060
HOMOCITRULLINE,HMDB00679,
HOMOCYSTEINE,HMDB00742,
HOMOSERINE,HMDB00719,
HOMOSTACHYDRINE,HMDB04827,
HYPOXANTHINE,HMDB00157,
IMIDAZOLE_PROPIONATE,NA,
INDOLEACETATE,HMDB00197,
INDOLEPROPIONATE,HMDB02302,
INOSITOL_1_PHOSPHATE__I1P_,NA,84139
ISOBAR__DIHYDROCAFFEATE__3_4,NA,
ISOCAPROATE,HMDB00689,
ISOLEUCINE,HMDB00172,
ISOLEUCYLALANINE,HMDB28900,
ISOLEUCYLASPARAGINE,HMDB28902,
ISOLEUCYLASPARTATE,HMDB28903,
ISOLEUCYLGLUTAMATE,HMDB28906,
ISOLEUCYLGLYCINE,HMDB28907,
ISOLEUCYLISOLEUCINE,HMDB28910,
ISOLEUCYLLEUCINE,HMDB28911,
ISOLEUCYLPHENYLALANINE,HMDB28914,
ISOLEUCYLSERINE,HMDB28916,
ISOLEUCYLTHREONINE,HMDB28917,
ISOLEUCYLTRYPTOPHAN,HMDB28918,
ISOLEUCYLVALINE,HMDB28920,
ISOPALMITIC_ACID,HMDB31068,
ISOVALERATE,HMDB00718,
ISOVALERYLGLYCINE,HMDB00678,
KYNURENATE,HMDB00715,
LACTATE,HMDB00190,
LANOSTEROL,HMDB01251,
LATHOSTEROL,HMDB01170,
LAURATE__12_0_,HMDB00638,
LEUCINE,HMDB00687,
LEUCYLALANINE,HMDB28922,
LEUCYLASPARAGINE,HMDB28924,
LEUCYLGLUTAMATE,HMDB28928,
LEUCYLGLYCINE,HMDB28929,
LEUCYLLEUCINE,HMDB28933,
LEUCYLPHENYLALANINE,HMDB28914,
LEUCYLSERINE,HMDB28938,
LEUCYLTHREONINE,HMDB28939,
LEUCYLTRYPTOPHAN,HMDB28940,
LEUCYLTYROSINE,HMDB28941,
LEUCYLVALINE,HMDB28942,
LEVULINATE__4_OXOVALERATE_,NA,
LIDOCAINE,HMDB14426,
LIGNOCERATE__24_0_,NA,31014
LINOLEAMIDE__18_2N6_,NA,82984
LINOLEATE__18_2N6_,NA,30245
LINOLENATE_ALPHA_OR_GAMMA,NA,
LITHOCHOLATE,HMDB00761,
LYSINE,HMDB00182,
LYSYLISOLEUCINE,HMDB28954,
LYSYLLEUCINE,HMDB28955,
LYSYLPHENYLALANINE,HMDB28958,
LYSYLPROLINE,HMDB28959,
LYSYLTYROSINE,HMDB28963,
LYSYLVALINE,HMDB28964,
MALATE,HMDB00156,
MALONATE__PROPANEDIOATE_,NA,
MANDELATE,HMDB00703,
MANNOSE,HMDB00169,
MARGARATE__17_0_,NA,32366
METHIONINE,HMDB00696,
METHIONINE_SULFOXIDE,NA,49033
METHYL_4_HYDROXYBENZOATE,HMDB04815,
METHYLPHOSPHATE,HMDB33956,
METHYLSUCCINATE,HMDB01844,
MYO_INOSITOL,HMDB00211,
MYRISTATE__14_0_,NA,
MYRISTOLEATE__14_1N5_,NA,32370
N__2_FUROYL_GLYCINE,HMDB00439,
N_6_TRIMETHYLLYSINE,HMDB01325,
N_ACETYLALANINE,HMDB00766,
N_ACETYLARGININE,HMDB04620,
N_ACETYLASPARTATE__NAA_,NA,
N_ACETYLGLUCOSAMINE,HMDB00215,
N_ACETYLGLUTAMATE,HMDB01138,
N_ACETYLGLUTAMINE,NA,21553
N_ACETYLGLYCINE,HMDB00532,
N_ACETYLHISTIDINE,HMDB32055,
N_ACETYLLEUCINE,HMDB11756,
N_ACETYLMETHIONINE,HMDB11745,
N_ACETYLMURAMATE,HMDB60493,
N_ACETYLNEURAMINATE,HMDB00230,
N_ACETYLPHENYLALANINE,HMDB00512,
N_ACETYLPROLINE,NA,21560
N_ACETYLPUTRESCINE,HMDB02064,
N_ACETYLTRYPTOPHAN,HMDB13713,
N_ACETYLTYROSINE,HMDB00866,
N_ACETYLVALINE,HMDB11757,
N_FORMYLMETHIONINE,HMDB01015,
N_METHYL_PROLINE,NA,90344
N_METHYLPHENYLALANINE,NA,43980
N1_METHYLADENOSINE,HMDB03331,
N2_ACETYLLYSINE,HMDB00446,
N6_ACETYLLYSINE,HMDB00206,
NERVONATE__24_1N9_,NA,
NICOTINAMIDE,HMDB01406,
NICOTINATE,HMDB01488,
NICOTINATE_RIBONUCLEOSIDE,NA,
NONADECANOATE__19_0_,NA,78796
OCTAETHYLENE_GLYCOL,NA,44794
OLEATE__18_1N9_,NA,30823
OLEIC_ETHANOLAMIDE,NA,
ORNITHINE,HMDB62654,
OROTATE,HMDB00226,
P_AMINOBENZOATE__PABA_,NA,22494
P_CRESOL_SULFATE,NA,82914
P_HYDROXYBENZALDEHYDE,HMDB11718,
PALMITATE__16_0_,NA,
PALMITIC_AMIDE,NA,
PALMITOLEATE__16_1N7_,NA,32372
PALMITOYL_ETHANOLAMIDE,NA,71464
PALMITOYL_SPHINGOMYELIN,NA,
PANTOTHENATE,HMDB00210,
PANTOTHENATE,HMDB62717,
PELARGONATE__9_0_,NA,
PENTADECANOATE__15_0_,NA,78795
PHENETHYLAMINE__ISOBAR__1_PHE,NA,18397
PHENYLACETATE,HMDB00209,
PHENYLALANINE,HMDB00159,
PHENYLALANYLALANINE,HMDB28988,
PHENYLALANYLASPARTATE,HMDB28991,
PHENYLALANYLGLYCINE,HMDB28995,
PHENYLALANYLISOLEUCINE,HMDB28998,
PHENYLALANYLLEUCINE,NA,91150
PHENYLALANYLPHENYLALANINE,NA,72723
PHENYLALANYLSERINE,HMDB29004,
PHENYLALANYLTYROSINE,HMDB29007,
PHENYLALANYLVALINE,HMDB29008,
PHENYLLACTATE__PLA_,NA,8100
PHOSPHATE,HMDB01429,
PHYTOL,HMDB02019,
PIPECOLATE,HMDB00070,
PIPERINE,HMDB29377,
PROLINE,HMDB00162,
PROLYLALANINE,HMDB29010,
PROLYLPHENYLALANINE,NA,74795
PSEUDOURIDINE,HMDB00767,
PTERIN,HMDB00802,
PUTRESCINE,HMDB01414,
PYRIDOXAL,HMDB01545,
PYRIDOXATE,HMDB00017,
PYROGLUTAMYLVALINE,NA,132991
PYRUVATE,HMDB00243,
QUINATE,NA,26490
RHAMNOSE,HMDB00849,
RIBOFLAVIN__VITAMIN_B2_,NA,
RIBOSE,HMDB00283,
RIBULOSE,HMDB01644,
RIBULOSE,HMDB03371,
SACCHAROPINE,HMDB00279,
SALICYLATE,HMDB01895,
SEBACATE__DECANEDIOATE_,HMDB00792,
SERINE,HMDB00187,
SERYLISOLEUCINE,NA,90326
SERYLLEUCINE,NA,74815
SERYLPHENYALANINE,NA,71029
SERYLPROLINE,NA,74820
SERYLVALINE,NA,74823
SITOSTANOL,HMDB00494,
SPHINGANINE,HMDB00269,
SPHINGOSINE,HMDB00252,
SQUALENE,HMDB00256,
STACHYDRINE,HMDB04827,
STEARAMIDE,HMDB34146,
STEARATE__18_0_,NA,132109
STEARIDONATE__18_4N3_,NA,
STEAROYL_ETHANOLAMIDE,NA,
SUBERATE__OCTANEDIOATE_,NA,
SUCCINATE,HMDB00254,
TAURINE,HMDB00251,
TETRADECANEDIOATE,HMDB00872,
THIAMIN__VITAMIN_B1_,NA,
THREONATE,HMDB00943,
THREONATE,HMDB62620,
THREONINE,HMDB00167,
THREONYLALANINE,NA,74824
THREONYLGLUTAMATE,NA,74857
THREONYLISOLEUCINE,NA,
THREONYLLEUCINE,NA,74860
THREONYLPHENYLALANINE,NA,74862
THREONYLSERINE,NA,73664
THREONYLVALINE,NA,90328
THYMIDINE,HMDB00273,
THYMINE,HMDB00262,
TRANS_UROCANATE,NA,17771
TRICARBALLYLATE,HMDB31193,
TRYPTOPHAN,HMDB00929,
TRYPTOPHYLALANINE,HMDB29076,
TRYPTOPHYLGLUTAMATE,HMDB29082,
TRYPTOPHYLGLYCINE,HMDB29083,
TRYPTOPHYLISOLEUCINE,HMDB29086,
TRYPTOPHYLPROLINE,HMDB29091,
TRYPTOPHYLVALINE,HMDB29096,
TYRAMINE,HMDB62629,
TYROSINE,HMDB00158,
TYROSOL,HMDB04284,
TYROSYLALANINE,HMDB29098,
TYROSYLGLUTAMATE,HMDB29104,
TYROSYLGLUTAMINE,HMDB29103,
TYROSYLISOLEUCINE,HMDB29108,
TYROSYLLEUCINE,HMDB29109,
TYROSYLPHENYLALANINE,HMDB29112,
TYROSYLTYROSINE,HMDB29117,
TYROSYLVALINE,HMDB29118,
UNDECANEDIOATE,HMDB00888,
UNDECANOATE__11_0_,HMDB00947,
URACIL,HMDB00300,
URATE,HMDB00289,
UREA,HMDB00294,
URIDINE,HMDB00296,
VAL_VAL_VAL,NA,
VALERATE,HMDB00892,
VALINE,HMDB00883,
VALYLALANINE,HMDB29120,
VALYLASPARTATE,HMDB29123,
VALYLGLUTAMATE,HMDB29126,
VALYLGLUTAMINE,HMDB29125,
VALYLGLYCINE,HMDB29127,
VALYLISOLEUCINE,HMDB29130,
VALYLLEUCINE,HMDB29131,
VALYLLYSINE,HMDB29132,
VALYLMETHIONINE,HMDB29133,
VALYLPHENYLALANINE,HMDB29134,
VALYLSERINE,HMDB29136,
VALYLTRYPTOPHAN,HMDB29138,
VALYLTYROSINE,HMDB29139,
VALYLVALINE,HMDB29140,
XANTHINE,HMDB00292,
XYLOSE,HMDB00098,
